[
  {
    "name": "SAUCE",
    "theme_name": "SAUCE",
    "theme_author": "DevtechLA",
    "theme_version": "1.0.0",
    "theme_documentation_url": "https://peaceful-hopper-422911.netlify.app/",
    "theme_support_email": "devtechla@gmail.com"
  },
  {
    "name":"Logo",
    "settings":[
      {
        "type":"image_picker",
        "id":"logo",
        "label":"Logo"
      }
    ]
  },
  {
    "name":"Company Name",
    "settings": [
      {
        "type":"text",
        "id":"company",
        "label":"Company Name",
        "default":"DevtechLA"
      }
    ]
  },
  {
    "name":"Payment Options",
    "settings": [
      {
        "type":"checkbox",
        "id":"paypal_option",
        "label":"Paypal"
      },
      {
        "type":"checkbox",
        "id":"visa_option",
        "label":"Visa"
      },
      {
        "type":"checkbox",
        "id":"mastercard_option",
        "label":"Mastercard"
      },
      {
        "type":"checkbox",
        "id":"amex_option",
        "label":"American Express"
      }
    ]
  },
  {
    "name":"Social Media",
    "settings": [
      {
        "type":"text",
        "id":"instagram_link",
        "label":"Instagram"
      },
      {
        "type":"text",
        "id":"twitter_link",
        "label":"Twitter"
      },
      {
        "type":"text",
        "id":"pinterest_link",
        "label":"Pinterest"
      }

    ]
  }
]
